"Отметка времени","  Age / Жасы / Возраст ","  Gender / Жынысы / Пол  ","  Field of study / Profession / Оқу бағыты немесе мамандығы / Сфера обучения или профессия:  ","Please rate your agreement with each statement (1 = Strongly disagree … 5 = Strongly agree)

Әр мәлімдемемен қаншалықты келісетініңізді бағалаңыз (1 = Мүлде келіспеймін … 5 = Толықтай келісемін)

Оцените степень согласия с каждым утверждением (1 = Совершенно не согласен … 5 = Полностью согласен) [The system would treat people like me fairly. | Жүйе маған әділ қарайды. | Система будет относиться ко мне справедливо.]","Please rate your agreement with each statement (1 = Strongly disagree … 5 = Strongly agree)

Әр мәлімдемемен қаншалықты келісетініңізді бағалаңыз (1 = Мүлде келіспеймін … 5 = Толықтай келісемін)

Оцените степень согласия с каждым утверждением (1 = Совершенно не согласен … 5 = Полностью согласен) [The criteria used seem fair. | Қолданылған критерийлер әділ көрінеді. | Используемые критерии выглядят справедливыми.]","Please rate your agreement with each statement (1 = Strongly disagree … 5 = Strongly agree)

Әр мәлімдемемен қаншалықты келісетініңізді бағалаңыз (1 = Мүлде келіспеймін … 5 = Толықтай келісемін)

Оцените степень согласия с каждым утверждением (1 = Совершенно не согласен … 5 = Полностью согласен) [People affected have a chance to be heard. | Пайдаланушылардың пікір айту мүмкіндігі бар. | Пользователи имеют возможность быть услышанными.]","Please rate your agreement with each statement (1 = Strongly disagree … 5 = Strongly agree)

Әр мәлімдемемен қаншалықты келісетініңізді бағалаңыз (1 = Мүлде келіспеймін … 5 = Толықтай келісемін)

Оцените степень согласия с каждым утверждением (1 = Совершенно не согласен … 5 = Полностью согласен) [Similar cases are treated similarly. | Ұқсас жағдайлар бірдей қаралады. | Похожие случаи рассматриваются одинаково.]","Please rate your agreement with each statement (1 = Strongly disagree … 5 = Strongly agree)

Әр мәлімдемемен қаншалықты келісетініңізді бағалаңыз (1 = Мүлде келіспеймін … 5 = Толықтай келісемін)

Оцените степень согласия с каждым утверждением (1 = Совершенно не согласен … 5 = Полностью согласен) [I would trust this system in real use. | Мен бұл жүйеге нақты өмірде сенер едім. | Я бы доверял(а) этой системе на практике.]","Please rate your agreement with each statement (1 = Strongly disagree … 5 = Strongly agree)

Әр мәлімдемемен қаншалықты келісетініңізді бағалаңыз (1 = Мүлде келіспеймін … 5 = Толықтай келісемін)

Оцените степень согласия с каждым утверждением (1 = Совершенно не согласен … 5 = Полностью согласен) [The people running this system care about users’ interests. | Жүйені басқаратындар пайдаланушылардың мүддесін ескереді. | Люди, управляющие системой, заботятся об интересах пользователей.]","Please rate your agreement with each statement (1 = Strongly disagree … 5 = Strongly agree)

Әр мәлімдемемен қаншалықты келісетініңізді бағалаңыз (1 = Мүлде келіспеймін … 5 = Толықтай келісемін)

Оцените степень согласия с каждым утверждением (1 = Совершенно не согласен … 5 = Полностью согласен) [I feel comfortable relying on its decisions. | Мен бұл жүйенің шешімдеріне сеніп, жайлы сезінемін. | Мне комфортно полагаться на решения этой системы.]","Please rate your agreement with each statement (1 = Strongly disagree … 5 = Strongly agree)

Әр мәлімдемемен қаншалықты келісетініңізді бағалаңыз (1 = Мүлде келіспеймін … 5 = Толықтай келісемін)

Оцените степень согласия с каждым утверждением (1 = Совершенно не согласен … 5 = Полностью согласен) [I believe problems would be handled responsibly. | Мәселелер жауапкершілікпен шешіледі деп сенемін. | Верю, что проблемы будут решаться ответственно.]","Please rate your agreement with each statement (1 = Strongly disagree … 5 = Strongly agree)

Әр мәлімдемемен қаншалықты келісетініңізді бағалаңыз (1 = Мүлде келіспеймін … 5 = Толықтай келісемін)

Оцените степень согласия с каждым утверждением (1 = Совершенно не согласен … 5 = Полностью согласен) [I know who is responsible if mistakes occur. | Қате болса, кім жауапты екенін білемін. | Я знаю, кто несёт ответственность, если система ошибётся.]","Please rate your agreement with each statement (1 = Strongly disagree … 5 = Strongly agree)

Әр мәлімдемемен қаншалықты келісетініңізді бағалаңыз (1 = Мүлде келіспеймін … 5 = Толықтай келісемін)

Оцените степень согласия с каждым утверждением (1 = Совершенно не согласен … 5 = Полностью согласен) [There is a clear process to challenge decisions. | Шешімге шағымданудың айқын жолы бар. | Есть понятная процедура обжалования решений.]","Please rate your agreement with each statement (1 = Strongly disagree … 5 = Strongly agree)

Әр мәлімдемемен қаншалықты келісетініңізді бағалаңыз (1 = Мүлде келіспеймін … 5 = Толықтай келісемін)

Оцените степень согласия с каждым утверждением (1 = Совершенно не согласен … 5 = Полностью согласен) [There is human oversight to correct errors. | Қателерді түзететін адамдық бақылау бар. | Существует человеческий контроль для исправления ошибок.]","Please rate your agreement with each statement (1 = Strongly disagree … 5 = Strongly agree)

Әр мәлімдемемен қаншалықты келісетініңізді бағалаңыз (1 = Мүлде келіспеймін … 5 = Толықтай келісемін)

Оцените степень согласия с каждым утверждением (1 = Совершенно не согласен … 5 = Полностью согласен) [There would be follow-up when issues occur. | Мәселе туындағанда шаралар қолданылады. | При возникновении проблем принимаются меры.]","Please rate your agreement with each statement (1 = Strongly disagree … 5 = Strongly agree)

Әр мәлімдемемен қаншалықты келісетініңізді бағалаңыз (1 = Мүлде келіспеймін … 5 = Толықтай келісемін)

Оцените степень согласия с каждым утверждением (1 = Совершенно не согласен … 5 = Полностью согласен) [End-users were involved in design. | Пайдаланушылар жобалауға қатысты. | Пользователи участвовали в разработке.]","Please rate your agreement with each statement (1 = Strongly disagree … 5 = Strongly agree)

Әр мәлімдемемен қаншалықты келісетініңізді бағалаңыз (1 = Мүлде келіспеймін … 5 = Толықтай келісемін)

Оцените степень согласия с каждым утверждением (1 = Совершенно не согласен … 5 = Полностью согласен) [Appeal or override process was described. | Шағым немесе түзету процесі сипатталған. | Описан процесс апелляции или отмены.]","Please rate your agreement with each statement (1 = Strongly disagree … 5 = Strongly agree)

Әр мәлімдемемен қаншалықты келісетініңізді бағалаңыз (1 = Мүлде келіспеймін … 5 = Толықтай келісемін)

Оцените степень согласия с каждым утверждением (1 = Совершенно не согласен … 5 = Полностью согласен) [For quality control, please select “Agree.” | Назарды тексеру үшін «Келісемін» таңдаңыз. | Для проверки внимания выберите «Согласен».]","  What made this system feel more or less fair or trustworthy? | Бұл жүйенің әділ немесе сенімді болуына не әсер етті? | Что сделало эту систему более или менее справедливой и достоверной?  ","   Which feature most improves accountability? | Қай элемент жүйенің жауапкершілігін арттырады? | Какой элемент лучше всего повышает ответственность системы?  ","Please rate your agreement with each statement (1 = Strongly disagree … 5 = Strongly agree)
Әр мәлімдемемен қаншалықты келісетініңізді бағалаңыз (1 = Мүлде келіспеймін … 5 = Толықтай келісемін)
Оцените степень согласия с каждым утверждением (1 = Совершенно не согласен … 5 = Полностью согласен) [The system would treat people like me fairly. | Жүйе маған әділ қарайды. | Система будет относиться ко мне справедливо.]","Please rate your agreement with each statement (1 = Strongly disagree … 5 = Strongly agree)
Әр мәлімдемемен қаншалықты келісетініңізді бағалаңыз (1 = Мүлде келіспеймін … 5 = Толықтай келісемін)
Оцените степень согласия с каждым утверждением (1 = Совершенно не согласен … 5 = Полностью согласен) [The criteria used seem fair. | Қолданылған критерийлер әділ көрінеді. | Используемые критерии выглядят справедливыми.]","Please rate your agreement with each statement (1 = Strongly disagree … 5 = Strongly agree)
Әр мәлімдемемен қаншалықты келісетініңізді бағалаңыз (1 = Мүлде келіспеймін … 5 = Толықтай келісемін)
Оцените степень согласия с каждым утверждением (1 = Совершенно не согласен … 5 = Полностью согласен) [People affected have a chance to be heard. | Пайдаланушылардың пікір айту мүмкіндігі бар. | Пользователи имеют возможность быть услышанными.]","Please rate your agreement with each statement (1 = Strongly disagree … 5 = Strongly agree)
Әр мәлімдемемен қаншалықты келісетініңізді бағалаңыз (1 = Мүлде келіспеймін … 5 = Толықтай келісемін)
Оцените степень согласия с каждым утверждением (1 = Совершенно не согласен … 5 = Полностью согласен) [Similar cases are treated similarly. | Ұқсас жағдайлар бірдей қаралады. | Похожие случаи рассматриваются одинаково.]","Please rate your agreement with each statement (1 = Strongly disagree … 5 = Strongly agree)
Әр мәлімдемемен қаншалықты келісетініңізді бағалаңыз (1 = Мүлде келіспеймін … 5 = Толықтай келісемін)
Оцените степень согласия с каждым утверждением (1 = Совершенно не согласен … 5 = Полностью согласен) [I would trust this system in real use. | Мен бұл жүйеге нақты өмірде сенер едім. | Я бы доверял(а) этой системе на практике.]","Please rate your agreement with each statement (1 = Strongly disagree … 5 = Strongly agree)
Әр мәлімдемемен қаншалықты келісетініңізді бағалаңыз (1 = Мүлде келіспеймін … 5 = Толықтай келісемін)
Оцените степень согласия с каждым утверждением (1 = Совершенно не согласен … 5 = Полностью согласен) [The people running this system care about users’ interests. | Жүйені басқаратындар пайдаланушылардың мүддесін ескереді. | Люди, управляющие системой, заботятся об интересах пользователей.]","Please rate your agreement with each statement (1 = Strongly disagree … 5 = Strongly agree)
Әр мәлімдемемен қаншалықты келісетініңізді бағалаңыз (1 = Мүлде келіспеймін … 5 = Толықтай келісемін)
Оцените степень согласия с каждым утверждением (1 = Совершенно не согласен … 5 = Полностью согласен) [I feel comfortable relying on its decisions. | Мен бұл жүйенің шешімдеріне сеніп, жайлы сезінемін. | Мне комфортно полагаться на решения этой системы.]","Please rate your agreement with each statement (1 = Strongly disagree … 5 = Strongly agree)
Әр мәлімдемемен қаншалықты келісетініңізді бағалаңыз (1 = Мүлде келіспеймін … 5 = Толықтай келісемін)
Оцените степень согласия с каждым утверждением (1 = Совершенно не согласен … 5 = Полностью согласен) [I believe problems would be handled responsibly. | Мәселелер жауапкершілікпен шешіледі деп сенемін. | Верю, что проблемы будут решаться ответственно.]","Please rate your agreement with each statement (1 = Strongly disagree … 5 = Strongly agree)
Әр мәлімдемемен қаншалықты келісетініңізді бағалаңыз (1 = Мүлде келіспеймін … 5 = Толықтай келісемін)
Оцените степень согласия с каждым утверждением (1 = Совершенно не согласен … 5 = Полностью согласен) [I know who is responsible if mistakes occur. | Қате болса, кім жауапты екенін білемін. | Я знаю, кто несёт ответственность, если система ошибётся.]","Please rate your agreement with each statement (1 = Strongly disagree … 5 = Strongly agree)
Әр мәлімдемемен қаншалықты келісетініңізді бағалаңыз (1 = Мүлде келіспеймін … 5 = Толықтай келісемін)
Оцените степень согласия с каждым утверждением (1 = Совершенно не согласен … 5 = Полностью согласен) [There is a clear process to challenge decisions. | Шешімге шағымданудың айқын жолы бар. | Есть понятная процедура обжалования решений.]","Please rate your agreement with each statement (1 = Strongly disagree … 5 = Strongly agree)
Әр мәлімдемемен қаншалықты келісетініңізді бағалаңыз (1 = Мүлде келіспеймін … 5 = Толықтай келісемін)
Оцените степень согласия с каждым утверждением (1 = Совершенно не согласен … 5 = Полностью согласен) [There is human oversight to correct errors. | Қателерді түзететін адамдық бақылау бар. | Существует человеческий контроль для исправления ошибок.]","Please rate your agreement with each statement (1 = Strongly disagree … 5 = Strongly agree)
Әр мәлімдемемен қаншалықты келісетініңізді бағалаңыз (1 = Мүлде келіспеймін … 5 = Толықтай келісемін)
Оцените степень согласия с каждым утверждением (1 = Совершенно не согласен … 5 = Полностью согласен) [There would be follow-up when issues occur. | Мәселе туындағанда шаралар қолданылады. | При возникновении проблем принимаются меры.]","Please rate your agreement with each statement (1 = Strongly disagree … 5 = Strongly agree)
Әр мәлімдемемен қаншалықты келісетініңізді бағалаңыз (1 = Мүлде келіспеймін … 5 = Толықтай келісемін)
Оцените степень согласия с каждым утверждением (1 = Совершенно не согласен … 5 = Полностью согласен) [End-users were involved in design. | Пайдаланушылар жобалауға қатысты. | Пользователи участвовали в разработке.]","Please rate your agreement with each statement (1 = Strongly disagree … 5 = Strongly agree)
Әр мәлімдемемен қаншалықты келісетініңізді бағалаңыз (1 = Мүлде келіспеймін … 5 = Толықтай келісемін)
Оцените степень согласия с каждым утверждением (1 = Совершенно не согласен … 5 = Полностью согласен) [Appeal or override process was described. | Шағым немесе түзету процесі сипатталған. | Описан процесс апелляции или отмены.]","Please rate your agreement with each statement (1 = Strongly disagree … 5 = Strongly agree)
Әр мәлімдемемен қаншалықты келісетініңізді бағалаңыз (1 = Мүлде келіспеймін … 5 = Толықтай келісемін)
Оцените степень согласия с каждым утверждением (1 = Совершенно не согласен … 5 = Полностью согласен) [For quality control, please select “Agree.” | Назарды тексеру үшін «Келісемін» таңдаңыз. | Для проверки внимания выберите «Согласен».]","  What made this system feel more or less fair or trustworthy? | Бұл жүйенің әділ немесе сенімді болуына не әсер етті? | Что сделало эту систему более или менее справедливой и достоверной?  ","   Which feature most improves accountability? | Қай элемент жүйенің жауапкершілігін арттырады? | Какой элемент лучше всего повышает ответственность системы?  "
"2025/10/10 1:29:21 PM GMT+5","19","Male / Еркек / Мужчина","Computer Science | Ақпараттық технология | Информатика","Disagree | Келіспеймін | Не согласен","Disagree | Келіспеймін | Не согласен","Strongly disagree | Мүлде келіспеймін | Совершенно не согласен","Strongly disagree | Мүлде келіспеймін | Совершенно не согласен","Disagree | Келіспеймін | Не согласен","Disagree | Келіспеймін | Не согласен","Neutral | Бейтарап | Нейтрален","Strongly disagree | Мүлде келіспеймін | Совершенно не согласен","Strongly disagree | Мүлде келіспеймін | Совершенно не согласен","Disagree | Келіспеймін | Не согласен","Neutral | Бейтарап | Нейтрален","Disagree | Келіспеймін | Не согласен","Strongly disagree | Мүлде келіспеймін | Совершенно не согласен","Strongly disagree | Мүлде келіспеймін | Совершенно не согласен","Agree | Келісемін | Согласен","There is nothing that we know about development process of this system. That is the reason why I can't trust this system if information about it is not free-for-all","There is no feature in this Scenario that improves accountability","Neutral | Бейтарап | Нейтрален","Agree | Келісемін | Согласен","Agree | Келісемін | Согласен","Neutral | Бейтарап | Нейтрален","Agree | Келісемін | Согласен","Neutral | Бейтарап | Нейтрален","Neutral | Бейтарап | Нейтрален","Agree | Келісемін | Согласен","Strongly agree | Толықтай келісемін | Полностью согласен","Strongly agree | Толықтай келісемін | Полностью согласен","Strongly agree | Толықтай келісемін | Полностью согласен","Agree | Келісемін | Согласен","Strongly agree | Толықтай келісемін | Полностью согласен","Strongly agree | Толықтай келісемін | Полностью согласен","Agree | Келісемін | Согласен","Participation of actual end-users of this system made more believe in fairness of it. It raises my hopes that this system will be trustworthy","End-user participations, possibility to appeal or override the processes and regular reviews by a council"
"2025/10/10 1:38:26 PM GMT+5","20","Female / Әйел / Женщина","Computer Science | Ақпараттық технология | Информатика","Agree | Келісемін | Согласен","Agree | Келісемін | Согласен","Neutral | Бейтарап | Нейтрален","Neutral | Бейтарап | Нейтрален","Neutral | Бейтарап | Нейтрален","Neutral | Бейтарап | Нейтрален","Neutral | Бейтарап | Нейтрален","Disagree | Келіспеймін | Не согласен","Strongly disagree | Мүлде келіспеймін | Совершенно не согласен","Disagree | Келіспеймін | Не согласен","Neutral | Бейтарап | Нейтрален","Neutral | Бейтарап | Нейтрален","Disagree | Келіспеймін | Не согласен","Neutral | Бейтарап | Нейтрален","Agree | Келісемін | Согласен","","","Strongly agree | Толықтай келісемін | Полностью согласен","Strongly agree | Толықтай келісемін | Полностью согласен","Strongly agree | Толықтай келісемін | Полностью согласен","Strongly agree | Толықтай келісемін | Полностью согласен","Strongly agree | Толықтай келісемін | Полностью согласен","Strongly agree | Толықтай келісемін | Полностью согласен","Strongly agree | Толықтай келісемін | Полностью согласен","Strongly agree | Толықтай келісемін | Полностью согласен","Strongly agree | Толықтай келісемін | Полностью согласен","Strongly agree | Толықтай келісемін | Полностью согласен","Strongly agree | Толықтай келісемін | Полностью согласен","Strongly agree | Толықтай келісемін | Полностью согласен","Strongly agree | Толықтай келісемін | Полностью согласен","Strongly agree | Толықтай келісемін | Полностью согласен","Strongly agree | Толықтай келісемін | Полностью согласен","То что участвуют студенты и преподаватели оно более справедливо ","То что проблема решается сразу "
"2025/10/10 1:46:32 PM GMT+5","20","Male / Еркек / Мужчина","Computer Science | Ақпараттық технология | Информатика","Agree | Келісемін | Согласен","Agree | Келісемін | Согласен","Agree | Келісемін | Согласен","Agree | Келісемін | Согласен","Agree | Келісемін | Согласен","Agree | Келісемін | Согласен","Agree | Келісемін | Согласен","Agree | Келісемін | Согласен","Agree | Келісемін | Согласен","Agree | Келісемін | Согласен","Agree | Келісемін | Согласен","Agree | Келісемін | Согласен","Agree | Келісемін | Согласен","Agree | Келісемін | Согласен","Agree | Келісемін | Согласен","Данные","Экзамены без ии","Agree | Келісемін | Согласен","Agree | Келісемін | Согласен","Agree | Келісемін | Согласен","Agree | Келісемін | Согласен","Agree | Келісемін | Согласен","Agree | Келісемін | Согласен","Agree | Келісемін | Согласен","Agree | Келісемін | Согласен","Agree | Келісемін | Согласен","Agree | Келісемін | Согласен","Agree | Келісемін | Согласен","Agree | Келісемін | Согласен","Agree | Келісемін | Согласен","Agree | Келісемін | Согласен","Agree | Келісемін | Согласен","Данные","Экзамены без ИИ"
"2025/10/10 2:59:12 PM GMT+5","52","Male / Еркек / Мужчина","Engineering | Инженерия | Инженерия","Neutral | Бейтарап | Нейтрален","Neutral | Бейтарап | Нейтрален","Neutral | Бейтарап | Нейтрален","Neutral | Бейтарап | Нейтрален","Neutral | Бейтарап | Нейтрален","Neutral | Бейтарап | Нейтрален","Neutral | Бейтарап | Нейтрален","Neutral | Бейтарап | Нейтрален","Agree | Келісемін | Согласен","Agree | Келісемін | Согласен","Agree | Келісемін | Согласен","Agree | Келісемін | Согласен","Agree | Келісемін | Согласен","Agree | Келісемін | Согласен","Agree | Келісемін | Согласен","idk","idk","Agree | Келісемін | Согласен","Agree | Келісемін | Согласен","Agree | Келісемін | Согласен","Neutral | Бейтарап | Нейтрален","Agree | Келісемін | Согласен","Neutral | Бейтарап | Нейтрален","Neutral | Бейтарап | Нейтрален","Agree | Келісемін | Согласен","Neutral | Бейтарап | Нейтрален","Agree | Келісемін | Согласен","Neutral | Бейтарап | Нейтрален","Agree | Келісемін | Согласен","Agree | Келісемін | Согласен","Neutral | Бейтарап | Нейтрален","Neutral | Бейтарап | Нейтрален","really dk","respect"
"2025/10/10 3:01:33 PM GMT+5","19","Male / Еркек / Мужчина","Computer Science | Ақпараттық технология | Информатика","Strongly agree | Толықтай келісемін | Полностью согласен","Agree | Келісемін | Согласен","Agree | Келісемін | Согласен","Strongly agree | Толықтай келісемін | Полностью согласен","Strongly agree | Толықтай келісемін | Полностью согласен","Disagree | Келіспеймін | Не согласен","Disagree | Келіспеймін | Не согласен","Strongly agree | Толықтай келісемін | Полностью согласен","Strongly agree | Толықтай келісемін | Полностью согласен","Agree | Келісемін | Согласен","Strongly agree | Толықтай келісемін | Полностью согласен","Agree | Келісемін | Согласен","Strongly agree | Толықтай келісемін | Полностью согласен","Strongly agree | Толықтай келісемін | Полностью согласен","Strongly agree | Толықтай келісемін | Полностью согласен","","","Strongly agree | Толықтай келісемін | Полностью согласен","Agree | Келісемін | Согласен","Agree | Келісемін | Согласен","Strongly agree | Толықтай келісемін | Полностью согласен","Strongly agree | Толықтай келісемін | Полностью согласен","Neutral | Бейтарап | Нейтрален","Strongly agree | Толықтай келісемін | Полностью согласен","Strongly agree | Толықтай келісемін | Полностью согласен","Agree | Келісемін | Согласен","Strongly agree | Толықтай келісемін | Полностью согласен","Strongly agree | Толықтай келісемін | Полностью согласен","Agree | Келісемін | Согласен","Strongly agree | Толықтай келісемін | Полностью согласен","Strongly agree | Толықтай келісемін | Полностью согласен","Agree | Келісемін | Согласен","It felt fair and trustworthy because it was transparent and allowed feedback. Fairness could improve if bias prevention was clearer.
","Clear explanations and audit logs most improve accountability.
"
"2025/10/10 3:01:57 PM GMT+5","20","Male / Еркек / Мужчина","Computer Science | Ақпараттық технология | Информатика","Strongly agree | Толықтай келісемін | Полностью согласен","Strongly agree | Толықтай келісемін | Полностью согласен","Strongly agree | Толықтай келісемін | Полностью согласен","Strongly agree | Толықтай келісемін | Полностью согласен","Agree | Келісемін | Согласен","Neutral | Бейтарап | Нейтрален","Agree | Келісемін | Согласен","Agree | Келісемін | Согласен","Strongly agree | Толықтай келісемін | Полностью согласен","Strongly agree | Толықтай келісемін | Полностью согласен","Agree | Келісемін | Согласен","Strongly agree | Толықтай келісемін | Полностью согласен","Agree | Келісемін | Согласен","Strongly agree | Толықтай келісемін | Полностью согласен","Agree | Келісемін | Согласен","The system seems less fair and trustworthy because users were not involved and if there is no transparency or way to appeal decisions.","Providing explanations and an appeal process would most improve accountability.","Agree | Келісемін | Согласен","Agree | Келісемін | Согласен","Strongly agree | Толықтай келісемін | Полностью согласен","Agree | Келісемін | Согласен","Neutral | Бейтарап | Нейтрален","Neutral | Бейтарап | Нейтрален","Neutral | Бейтарап | Нейтрален","Agree | Келісемін | Согласен","Strongly agree | Толықтай келісемін | Полностью согласен","Agree | Келісемін | Согласен","Agree | Келісемін | Согласен","Strongly agree | Толықтай келісемін | Полностью согласен","Agree | Келісемін | Согласен","Agree | Келісемін | Согласен","Agree | Келісемін | Согласен","The system seems less fair and trustworthy because users were not involved and there is no transparency or way to appeal decisions.","Providing explanations and an appeal process would most improve accountability."
"2025/10/10 3:04:33 PM GMT+5","19","Female / Әйел / Женщина","Engineering | Инженерия | Инженерия","Agree | Келісемін | Согласен","Agree | Келісемін | Согласен","Agree | Келісемін | Согласен","Agree | Келісемін | Согласен","Agree | Келісемін | Согласен","Strongly agree | Толықтай келісемін | Полностью согласен","Agree | Келісемін | Согласен","Agree | Келісемін | Согласен","Neutral | Бейтарап | Нейтрален","Agree | Келісемін | Согласен","Agree | Келісемін | Согласен","Agree | Келісемін | Согласен","Neutral | Бейтарап | Нейтрален","Agree | Келісемін | Согласен","Agree | Келісемін | Согласен",".","это четко распределенная ответственность в рамках системы управления ","Agree | Келісемін | Согласен","Agree | Келісемін | Согласен","Agree | Келісемін | Согласен","Agree | Келісемін | Согласен","Agree | Келісемін | Согласен","Neutral | Бейтарап | Нейтрален","Neutral | Бейтарап | Нейтрален","Neutral | Бейтарап | Нейтрален","Neutral | Бейтарап | Нейтрален","Neutral | Бейтарап | Нейтрален","Agree | Келісемін | Согласен","Agree | Келісемін | Согласен","Agree | Келісемін | Согласен","Neutral | Бейтарап | Нейтрален","Agree | Келісемін | Согласен","распределенная ответственность ","распределенная ответственность "
"2025/10/10 3:05:53 PM GMT+5","18","Male / Еркек / Мужчина","Computer Science | Ақпараттық технология | Информатика","Strongly agree | Толықтай келісемін | Полностью согласен","Agree | Келісемін | Согласен","Strongly disagree | Мүлде келіспеймін | Совершенно не согласен","Neutral | Бейтарап | Нейтрален","Agree | Келісемін | Согласен","Strongly disagree | Мүлде келіспеймін | Совершенно не согласен","Strongly disagree | Мүлде келіспеймін | Совершенно не согласен","Strongly disagree | Мүлде келіспеймін | Совершенно не согласен","Strongly disagree | Мүлде келіспеймін | Совершенно не согласен","Agree | Келісемін | Согласен","Agree | Келісемін | Согласен","Strongly disagree | Мүлде келіспеймін | Совершенно не согласен","Neutral | Бейтарап | Нейтрален","Disagree | Келіспеймін | Не согласен","Strongly agree | Толықтай келісемін | Полностью согласен","Если честно ничего","Правильное распределение ответственности","Strongly agree | Толықтай келісемін | Полностью согласен","Agree | Келісемін | Согласен","Agree | Келісемін | Согласен","Strongly disagree | Мүлде келіспеймін | Совершенно не согласен","Agree | Келісемін | Согласен","Neutral | Бейтарап | Нейтрален","Disagree | Келіспеймін | Не согласен","Disagree | Келіспеймін | Не согласен","Disagree | Келіспеймін | Не согласен","Disagree | Келіспеймін | Не согласен","Disagree | Келіспеймін | Не согласен","Disagree | Келіспеймін | Не согласен","Disagree | Келіспеймін | Не согласен","Disagree | Келіспеймін | Не согласен","Disagree | Келіспеймін | Не согласен","Ответил","Ответил"
"2025/10/10 3:06:57 PM GMT+5","18","Male / Еркек / Мужчина","Computer Science | Ақпараттық технология | Информатика","Agree | Келісемін | Согласен","Strongly agree | Толықтай келісемін | Полностью согласен","Strongly disagree | Мүлде келіспеймін | Совершенно не согласен","Neutral | Бейтарап | Нейтрален","Agree | Келісемін | Согласен","Neutral | Бейтарап | Нейтрален","Agree | Келісемін | Согласен","Agree | Келісемін | Согласен","Strongly disagree | Мүлде келіспеймін | Совершенно не согласен","Agree | Келісемін | Согласен","Strongly agree | Толықтай келісемін | Полностью согласен","Disagree | Келіспеймін | Не согласен","Strongly disagree | Мүлде келіспеймін | Совершенно не согласен","Strongly agree | Толықтай келісемін | Полностью согласен","Agree | Келісемін | Согласен","Топ профессора ","Распределение труда","Agree | Келісемін | Согласен","Agree | Келісемін | Согласен","Agree | Келісемін | Согласен","Agree | Келісемін | Согласен","Agree | Келісемін | Согласен","Agree | Келісемін | Согласен","Strongly agree | Толықтай келісемін | Полностью согласен","Agree | Келісемін | Согласен","Agree | Келісемін | Согласен","Agree | Келісемін | Согласен","Agree | Келісемін | Согласен","Agree | Келісемін | Согласен","Agree | Келісемін | Согласен","Agree | Келісемін | Согласен","Agree | Келісемін | Согласен","Топ профессора","Распределение ресурсов и ответственности "
"2025/10/10 3:13:11 PM GMT+5","18","Female / Әйел / Женщина","Computer Science | Ақпараттық технология | Информатика","Disagree | Келіспеймін | Не согласен","Disagree | Келіспеймін | Не согласен","Disagree | Келіспеймін | Не согласен","Strongly disagree | Мүлде келіспеймін | Совершенно не согласен","Strongly disagree | Мүлде келіспеймін | Совершенно не согласен","Disagree | Келіспеймін | Не согласен","Strongly disagree | Мүлде келіспеймін | Совершенно не согласен","Neutral | Бейтарап | Нейтрален","Neutral | Бейтарап | Нейтрален","Strongly disagree | Мүлде келіспеймін | Совершенно не согласен","Neutral | Бейтарап | Нейтрален","Disagree | Келіспеймін | Не согласен","Strongly disagree | Мүлде келіспеймін | Совершенно не согласен","Strongly disagree | Мүлде келіспеймін | Совершенно не согласен","Strongly disagree | Мүлде келіспеймін | Совершенно не согласен","не знаю ","невозможность обжалования означает то что система обязана работать без ошибок","Strongly agree | Толықтай келісемін | Полностью согласен","Strongly agree | Толықтай келісемін | Полностью согласен","Strongly agree | Толықтай келісемін | Полностью согласен","Strongly agree | Толықтай келісемін | Полностью согласен","Strongly agree | Толықтай келісемін | Полностью согласен","Strongly agree | Толықтай келісемін | Полностью согласен","Strongly agree | Толықтай келісемін | Полностью согласен","Strongly agree | Толықтай келісемін | Полностью согласен","Strongly agree | Толықтай келісемін | Полностью согласен","Strongly agree | Толықтай келісемін | Полностью согласен","Strongly agree | Толықтай келісемін | Полностью согласен","Strongly agree | Толықтай келісемін | Полностью согласен","Strongly agree | Толықтай келісемін | Полностью согласен","Strongly agree | Толықтай келісемін | Полностью согласен","Strongly agree | Толықтай келісемін | Полностью согласен","то что она создана с участием студентов и преподавателей, и принимает апеляции","эта система более достоверна"
"2025/10/10 4:47:36 PM GMT+5","22","Male / Еркек / Мужчина","Computer Science | Ақпараттық технология | Информатика","Strongly disagree | Мүлде келіспеймін | Совершенно не согласен","Strongly disagree | Мүлде келіспеймін | Совершенно не согласен","Strongly disagree | Мүлде келіспеймін | Совершенно не согласен","Neutral | Бейтарап | Нейтрален","Strongly disagree | Мүлде келіспеймін | Совершенно не согласен","Strongly disagree | Мүлде келіспеймін | Совершенно не согласен","Strongly disagree | Мүлде келіспеймін | Совершенно не согласен","Strongly disagree | Мүлде келіспеймін | Совершенно не согласен","Strongly disagree | Мүлде келіспеймін | Совершенно не согласен","Strongly disagree | Мүлде келіспеймін | Совершенно не согласен","Neutral | Бейтарап | Нейтрален","Neutral | Бейтарап | Нейтрален","Strongly disagree | Мүлде келіспеймін | Совершенно не согласен","Strongly disagree | Мүлде келіспеймін | Совершенно не согласен","Agree | Келісемін | Согласен","The fact that nobody from students and teaching staff is involved as well as the absence of any description of the process and the inability to challenge decision made the system feel far less trustworthy in any aspects.","I am not an expert in accountability of such systems, however, in my opinion, it would be fair to say that high transparency of the process will be one of the most effective ways to enhance accountability. It will allow anyone who is using the system to be able to understand results, and will provide higher level of certainty regarding its decisions.","Strongly agree | Толықтай келісемін | Полностью согласен","Strongly agree | Толықтай келісемін | Полностью согласен","Strongly agree | Толықтай келісемін | Полностью согласен","Neutral | Бейтарап | Нейтрален","Strongly agree | Толықтай келісемін | Полностью согласен","Agree | Келісемін | Согласен","Strongly agree | Толықтай келісемін | Полностью согласен","Strongly agree | Толықтай келісемін | Полностью согласен","Agree | Келісемін | Согласен","Neutral | Бейтарап | Нейтрален","Agree | Келісемін | Согласен","Agree | Келісемін | Согласен","Strongly agree | Толықтай келісемін | Полностью согласен","Strongly disagree | Мүлде келіспеймін | Совершенно не согласен","Agree | Келісемін | Согласен","In this scenario, trustworthy feels higher due to the presence of appeal, oversight by user council, transparency note, and the fact that system was designed in collaboration with students and teachers. Yet, I am still unaware how the process of the appeal works. In addition, I am still not sure whether all similar cases are treated in the similar way or not. However, I believe that the last stated doubt can be easily checked after practical usage of the system, I mean when there are similar cases and the system will act accordingly. Until it happens, I doubt I can be persuaded to believe or disbelieve in any outcomes regarding its possible decisions.","As I stated for the previous scenario, transparency is the most effective way fo improve accountability. From my perspective, at least it makes results comprehensible and understandable to the end user."
"2025/10/10 7:29:12 PM GMT+5","22","Male / Еркек / Мужчина","Computer Science | Ақпараттық технология | Информатика","Strongly agree | Толықтай келісемін | Полностью согласен","Strongly agree | Толықтай келісемін | Полностью согласен","Strongly agree | Толықтай келісемін | Полностью согласен","Strongly agree | Толықтай келісемін | Полностью согласен","Strongly agree | Толықтай келісемін | Полностью согласен","Strongly agree | Толықтай келісемін | Полностью согласен","Strongly agree | Толықтай келісемін | Полностью согласен","Strongly agree | Толықтай келісемін | Полностью согласен","Strongly agree | Толықтай келісемін | Полностью согласен","Strongly agree | Толықтай келісемін | Полностью согласен","Strongly agree | Толықтай келісемін | Полностью согласен","Strongly agree | Толықтай келісемін | Полностью согласен","Strongly agree | Толықтай келісемін | Полностью согласен","Strongly agree | Толықтай келісемін | Полностью согласен","Strongly agree | Толықтай келісемін | Полностью согласен","","","Strongly agree | Толықтай келісемін | Полностью согласен","Strongly agree | Толықтай келісемін | Полностью согласен","Strongly agree | Толықтай келісемін | Полностью согласен","Strongly agree | Толықтай келісемін | Полностью согласен","Strongly agree | Толықтай келісемін | Полностью согласен","Strongly agree | Толықтай келісемін | Полностью согласен","Strongly agree | Толықтай келісемін | Полностью согласен","Strongly agree | Толықтай келісемін | Полностью согласен","Strongly agree | Толықтай келісемін | Полностью согласен","Strongly agree | Толықтай келісемін | Полностью согласен","Strongly agree | Толықтай келісемін | Полностью согласен","Strongly agree | Толықтай келісемін | Полностью согласен","Strongly agree | Толықтай келісемін | Полностью согласен","Strongly agree | Толықтай келісемін | Полностью согласен","Strongly agree | Толықтай келісемін | Полностью согласен","Полина ынкылда
","Ыа ыа ыа темный шприц"
"2025/10/10 10:03:59 PM GMT+5","20","Male / Еркек / Мужчина","Computer Science | Ақпараттық технология | Информатика","Agree | Келісемін | Согласен","Neutral | Бейтарап | Нейтрален","Agree | Келісемін | Согласен","Agree | Келісемін | Согласен","Strongly agree | Толықтай келісемін | Полностью согласен","Strongly agree | Толықтай келісемін | Полностью согласен","Strongly agree | Толықтай келісемін | Полностью согласен","Strongly agree | Толықтай келісемін | Полностью согласен","Strongly agree | Толықтай келісемін | Полностью согласен","Strongly agree | Толықтай келісемін | Полностью согласен","Strongly agree | Толықтай келісемін | Полностью согласен","Strongly agree | Толықтай келісемін | Полностью согласен","Strongly agree | Толықтай келісемін | Полностью согласен","Strongly agree | Толықтай келісемін | Полностью согласен","Strongly agree | Толықтай келісемін | Полностью согласен","Подача информации, доступность","Аудит","Strongly agree | Толықтай келісемін | Полностью согласен","Strongly agree | Толықтай келісемін | Полностью согласен","Strongly agree | Толықтай келісемін | Полностью согласен","Strongly agree | Толықтай келісемін | Полностью согласен","Strongly agree | Толықтай келісемін | Полностью согласен","Strongly agree | Толықтай келісемін | Полностью согласен","Strongly agree | Толықтай келісемін | Полностью согласен","Strongly agree | Толықтай келісемін | Полностью согласен","Strongly agree | Толықтай келісемін | Полностью согласен","Strongly agree | Толықтай келісемін | Полностью согласен","Strongly agree | Толықтай келісемін | Полностью согласен","Strongly agree | Толықтай келісемін | Полностью согласен","Strongly agree | Толықтай келісемін | Полностью согласен","Strongly agree | Толықтай келісемін | Полностью согласен","Strongly agree | Толықтай келісемін | Полностью согласен","Незнаю","Аудит"
"2025/10/12 10:56:03 AM GMT+5","29","Female / Әйел / Женщина","Креативная индустрия","Disagree | Келіспеймін | Не согласен","Disagree | Келіспеймін | Не согласен","Disagree | Келіспеймін | Не согласен","Neutral | Бейтарап | Нейтрален","Disagree | Келіспеймін | Не согласен","Disagree | Келіспеймін | Не согласен","Disagree | Келіспеймін | Не согласен","Disagree | Келіспеймін | Не согласен","Disagree | Келіспеймін | Не согласен","Disagree | Келіспеймін | Не согласен","Disagree | Келіспеймін | Не согласен","Disagree | Келіспеймін | Не согласен","Disagree | Келіспеймін | Не согласен","Disagree | Келіспеймін | Не согласен","Agree | Келісемін | Согласен","Использование ИИ","Беспристрастность ","Agree | Келісемін | Согласен","Agree | Келісемін | Согласен","Agree | Келісемін | Согласен","Agree | Келісемін | Согласен","Agree | Келісемін | Согласен","Agree | Келісемін | Согласен","Agree | Келісемін | Согласен","Agree | Келісемін | Согласен","Disagree | Келіспеймін | Не согласен","Agree | Келісемін | Согласен","Agree | Келісемін | Согласен","Neutral | Бейтарап | Нейтрален","Agree | Келісемін | Согласен","Agree | Келісемін | Согласен","Agree | Келісемін | Согласен","Внесли возможность аппеляции и отмены ","Не знаю "
"2025/10/12 3:37:52 PM GMT+5","19","Female / Әйел / Женщина","Computer Science | Ақпараттық технология | Информатика","Strongly agree | Толықтай келісемін | Полностью согласен","Strongly agree | Толықтай келісемін | Полностью согласен","Strongly agree | Толықтай келісемін | Полностью согласен","Strongly agree | Толықтай келісемін | Полностью согласен","Strongly agree | Толықтай келісемін | Полностью согласен","Strongly agree | Толықтай келісемін | Полностью согласен","Strongly agree | Толықтай келісемін | Полностью согласен","Strongly agree | Толықтай келісемін | Полностью согласен","Strongly agree | Толықтай келісемін | Полностью согласен","Strongly agree | Толықтай келісемін | Полностью согласен","Strongly agree | Толықтай келісемін | Полностью согласен","Strongly agree | Толықтай келісемін | Полностью согласен","Strongly agree | Толықтай келісемін | Полностью согласен","Strongly agree | Толықтай келісемін | Полностью согласен","Agree | Келісемін | Согласен","Люди, управляющие системой, заботятся об интересах пользователей.","Пользователи имеют возможность быть услышанными.","Strongly agree | Толықтай келісемін | Полностью согласен","Strongly agree | Толықтай келісемін | Полностью согласен","Strongly agree | Толықтай келісемін | Полностью согласен","Strongly agree | Толықтай келісемін | Полностью согласен","Strongly agree | Толықтай келісемін | Полностью согласен","Strongly agree | Толықтай келісемін | Полностью согласен","Strongly agree | Толықтай келісемін | Полностью согласен","Strongly agree | Толықтай келісемін | Полностью согласен","Strongly agree | Толықтай келісемін | Полностью согласен","Strongly agree | Толықтай келісемін | Полностью согласен","Strongly agree | Толықтай келісемін | Полностью согласен","Strongly agree | Толықтай келісемін | Полностью согласен","Strongly agree | Толықтай келісемін | Полностью согласен","Strongly agree | Толықтай келісемін | Полностью согласен","Agree | Келісемін | Согласен","",""
"2025/10/12 8:52:31 PM GMT+5","30","Female / Әйел / Женщина","Computer Science | Ақпараттық технология | Информатика","Disagree | Келіспеймін | Не согласен","Disagree | Келіспеймін | Не согласен","Disagree | Келіспеймін | Не согласен","Disagree | Келіспеймін | Не согласен","Disagree | Келіспеймін | Не согласен","Disagree | Келіспеймін | Не согласен","Disagree | Келіспеймін | Не согласен","Disagree | Келіспеймін | Не согласен","Disagree | Келіспеймін | Не согласен","Disagree | Келіспеймін | Не согласен","Disagree | Келіспеймін | Не согласен","Disagree | Келіспеймін | Не согласен","Disagree | Келіспеймін | Не согласен","Disagree | Келіспеймін | Не согласен","Disagree | Келіспеймін | Не согласен","","","Strongly disagree | Мүлде келіспеймін | Совершенно не согласен","Strongly disagree | Мүлде келіспеймін | Совершенно не согласен","Disagree | Келіспеймін | Не согласен","Strongly disagree | Мүлде келіспеймін | Совершенно не согласен","Disagree | Келіспеймін | Не согласен","Strongly disagree | Мүлде келіспеймін | Совершенно не согласен","Disagree | Келіспеймін | Не согласен","Disagree | Келіспеймін | Не согласен","Disagree | Келіспеймін | Не согласен","Disagree | Келіспеймін | Не согласен","Disagree | Келіспеймін | Не согласен","Disagree | Келіспеймін | Не согласен","Disagree | Келіспеймін | Не согласен","Disagree | Келіспеймін | Не согласен","Disagree | Келіспеймін | Не согласен","-","-"
"2025/10/13 1:48:48 AM GMT+5","22","Female / Әйел / Женщина","музыкальный бизнес","Neutral | Бейтарап | Нейтрален","Disagree | Келіспеймін | Не согласен","Disagree | Келіспеймін | Не согласен","Strongly agree | Толықтай келісемін | Полностью согласен","Disagree | Келіспеймін | Не согласен","Disagree | Келіспеймін | Не согласен","Neutral | Бейтарап | Нейтрален","Neutral | Бейтарап | Нейтрален","Strongly disagree | Мүлде келіспеймін | Совершенно не согласен","Neutral | Бейтарап | Нейтрален","Neutral | Бейтарап | Нейтрален","Neutral | Бейтарап | Нейтрален","Agree | Келісемін | Согласен","Neutral | Бейтарап | Нейтрален","Strongly agree | Толықтай келісемін | Полностью согласен","ситуации которые кажутся на первый взгляд одинаковыми, рассматираются одинаково, хотя есть нюансы","человеческий контроль/когда во главе все таки стоит человек и контролирует работу","Agree | Келісемін | Согласен","Agree | Келісемін | Согласен","Agree | Келісемін | Согласен","Neutral | Бейтарап | Нейтрален","Neutral | Бейтарап | Нейтрален","Agree | Келісемін | Согласен","Agree | Келісемін | Согласен","Agree | Келісемін | Согласен","Agree | Келісемін | Согласен","Strongly agree | Толықтай келісемін | Полностью согласен","Strongly agree | Толықтай келісемін | Полностью согласен","Agree | Келісемін | Согласен","Strongly agree | Толықтай келісемін | Полностью согласен","Strongly agree | Толықтай келісемін | Полностью согласен","Agree | Келісемін | Согласен","то, что люди принимают и регулируют процесс работы","рассмотрение жалоб"
"2025/10/13 1:54:28 AM GMT+5","22","Female / Әйел / Женщина","музыка","Neutral | Бейтарап | Нейтрален","Disagree | Келіспеймін | Не согласен","Neutral | Бейтарап | Нейтрален","Agree | Келісемін | Согласен","Disagree | Келіспеймін | Не согласен","Disagree | Келіспеймін | Не согласен","Disagree | Келіспеймін | Не согласен","Neutral | Бейтарап | Нейтрален","Strongly disagree | Мүлде келіспеймін | Совершенно не согласен","Disagree | Келіспеймін | Не согласен","Neutral | Бейтарап | Нейтрален","Neutral | Бейтарап | Нейтрален","Neutral | Бейтарап | Нейтрален","Neutral | Бейтарап | Нейтрален","Agree | Келісемін | Согласен","(менее)Проблемы людей рассматриваются одинаково, несмотря на то, что есть нюансы. Работа по шаблону, получается","Контролирование людьми","Agree | Келісемін | Согласен","Agree | Келісемін | Согласен","Strongly agree | Толықтай келісемін | Полностью согласен","Agree | Келісемін | Согласен","Agree | Келісемін | Согласен","Agree | Келісемін | Согласен","Agree | Келісемін | Согласен","Agree | Келісемін | Согласен","Strongly agree | Толықтай келісемін | Полностью согласен","Neutral | Бейтарап | Нейтрален","Agree | Келісемін | Согласен","Strongly agree | Толықтай келісемін | Полностью согласен","Strongly agree | Толықтай келісемін | Полностью согласен","Agree | Келісемін | Согласен","Agree | Келісемін | Согласен","(более) То, что люди работают и проверяют процесс","Активное участие людей в работе"
"2025/10/13 3:57:06 AM GMT+5","22","Male / Еркек / Мужчина","Business | Бизнес | Бизнес","Neutral | Бейтарап | Нейтрален","Disagree | Келіспеймін | Не согласен","Disagree | Келіспеймін | Не согласен","Agree | Келісемін | Согласен","Disagree | Келіспеймін | Не согласен","Disagree | Келіспеймін | Не согласен","Disagree | Келіспеймін | Не согласен","Disagree | Келіспеймін | Не согласен","Agree | Келісемін | Согласен","Agree | Келісемін | Согласен","Agree | Келісемін | Согласен","Agree | Келісемін | Согласен","Neutral | Бейтарап | Нейтрален","Disagree | Келіспеймін | Не согласен","Agree | Келісемін | Согласен","қазіргі ЖЗ толықтай сенімді ақпаратты бермеудің ықтималдығы жоғары, себебі тіркелген алгоритмдерде қателер көп болуы мүмкін.","қателерге машықтандыру","Agree | Келісемін | Согласен","Neutral | Бейтарап | Нейтрален","Agree | Келісемін | Согласен","Agree | Келісемін | Согласен","Neutral | Бейтарап | Нейтрален","Disagree | Келіспеймін | Не согласен","Disagree | Келіспеймін | Не согласен","Neutral | Бейтарап | Нейтрален","Agree | Келісемін | Согласен","Agree | Келісемін | Согласен","Agree | Келісемін | Согласен","Agree | Келісемін | Согласен","Neutral | Бейтарап | Нейтрален","Agree | Келісемін | Согласен","Agree | Келісемін | Согласен","Студенттер қоршаған қолданушылардың ыңғайын есепке алудың ықтималдығы жоғарырақ.","аппеляция мен фидбэк беру."
"2025/10/13 4:35:32 PM GMT+5","19","Male / Еркек / Мужчина","Computer Science | Ақпараттық технология | Информатика","Neutral | Бейтарап | Нейтрален","Neutral | Бейтарап | Нейтрален","Strongly disagree | Мүлде келіспеймін | Совершенно не согласен","Disagree | Келіспеймін | Не согласен","Disagree | Келіспеймін | Не согласен","Disagree | Келіспеймін | Не согласен","Disagree | Келіспеймін | Не согласен","Disagree | Келіспеймін | Не согласен","Disagree | Келіспеймін | Не согласен","Disagree | Келіспеймін | Не согласен","Disagree | Келіспеймін | Не согласен","Disagree | Келіспеймін | Не согласен","Disagree | Келіспеймін | Не согласен","Disagree | Келіспеймін | Не согласен","Disagree | Келіспеймін | Не согласен","This system would feel more fair and trustworthy if it showed that it treats every patient and case with consistency, transparency, and respect for human values.

Specifically:

Fairness — If the AI makes decisions without bias toward age, gender, race, or social background.

Transparency — If it clearly explains how it reaches its conclusions, rather than giving “black box” answers.

Accountability — If there’s a clear way to review, question, or appeal the AI’s decisions.

Collaboration with humans — When it supports doctors instead of replacing them, showing that people still have final control.

Accuracy and reliability — Consistently giving correct and evidence-based results builds confidence.

If those qualities are missing — for example, if the system hides how it works, makes errors without explanation, or treats some patients unfairly — then it feels less trustworthy and less fair.","The feature that most improves accountability is transparent decision tracking — meaning the AI clearly records and explains every step of how it reached a decision.

This includes:

Explainable reasoning — showing the data, logic, and model outputs behind each recommendation.

Audit trails — keeping logs that allow experts to review and verify past decisions.

Human review options — allowing doctors or patients to challenge or override the AI’s conclusions.

Performance reporting — regularly publishing accuracy rates, error statistics, and updates.

In short: accountability grows when every decision can be traced, questioned, and verified by humans.
","Strongly disagree | Мүлде келіспеймін | Совершенно не согласен","Strongly disagree | Мүлде келіспеймін | Совершенно не согласен","Strongly disagree | Мүлде келіспеймін | Совершенно не согласен","Strongly disagree | Мүлде келіспеймін | Совершенно не согласен","Strongly disagree | Мүлде келіспеймін | Совершенно не согласен","Strongly disagree | Мүлде келіспеймін | Совершенно не согласен","Strongly disagree | Мүлде келіспеймін | Совершенно не согласен","Strongly disagree | Мүлде келіспеймін | Совершенно не согласен","Strongly disagree | Мүлде келіспеймін | Совершенно не согласен","Strongly disagree | Мүлде келіспеймін | Совершенно не согласен","Strongly disagree | Мүлде келіспеймін | Совершенно не согласен","Strongly disagree | Мүлде келіспеймін | Совершенно не согласен","Strongly disagree | Мүлде келіспеймін | Совершенно не согласен","Strongly disagree | Мүлде келіспеймін | Совершенно не согласен","Strongly disagree | Мүлде келіспеймін | Совершенно не согласен","",""
"2025/10/13 6:27:44 PM GMT+5","20","Female / Әйел / Женщина","Музыка","Strongly disagree | Мүлде келіспеймін | Совершенно не согласен","Strongly disagree | Мүлде келіспеймін | Совершенно не согласен","Strongly disagree | Мүлде келіспеймін | Совершенно не согласен","Strongly disagree | Мүлде келіспеймін | Совершенно не согласен","Strongly disagree | Мүлде келіспеймін | Совершенно не согласен","Disagree | Келіспеймін | Не согласен","Disagree | Келіспеймін | Не согласен","Strongly disagree | Мүлде келіспеймін | Совершенно не согласен","Disagree | Келіспеймін | Не согласен","Disagree | Келіспеймін | Не согласен","Strongly disagree | Мүлде келіспеймін | Совершенно не согласен","Strongly disagree | Мүлде келіспеймін | Совершенно не согласен","Strongly disagree | Мүлде келіспеймін | Совершенно не согласен","Strongly disagree | Мүлде келіспеймін | Совершенно не согласен","Strongly disagree | Мүлде келіспеймін | Совершенно не согласен","","","Strongly agree | Толықтай келісемін | Полностью согласен","Agree | Келісемін | Согласен","Agree | Келісемін | Согласен","Agree | Келісемін | Согласен","Agree | Келісемін | Согласен","Agree | Келісемін | Согласен","Neutral | Бейтарап | Нейтрален","Neutral | Бейтарап | Нейтрален","Neutral | Бейтарап | Нейтрален","Strongly agree | Толықтай келісемін | Полностью согласен","Agree | Келісемін | Согласен","Strongly agree | Толықтай келісемін | Полностью согласен","Strongly agree | Толықтай келісемін | Полностью согласен","Strongly agree | Толықтай келісемін | Полностью согласен","Strongly agree | Толықтай келісемін | Полностью согласен","",""
"2025/10/14 11:08:20 AM GMT+5","20","Male / Еркек / Мужчина","Engineering | Инженерия | Инженерия","Strongly agree | Толықтай келісемін | Полностью согласен","Strongly agree | Толықтай келісемін | Полностью согласен","Strongly agree | Толықтай келісемін | Полностью согласен","Strongly agree | Толықтай келісемін | Полностью согласен","Strongly agree | Толықтай келісемін | Полностью согласен","Strongly agree | Толықтай келісемін | Полностью согласен","Strongly agree | Толықтай келісемін | Полностью согласен","Strongly agree | Толықтай келісемін | Полностью согласен","Strongly agree | Толықтай келісемін | Полностью согласен","Strongly agree | Толықтай келісемін | Полностью согласен","Strongly agree | Толықтай келісемін | Полностью согласен","Strongly agree | Толықтай келісемін | Полностью согласен","Strongly agree | Толықтай келісемін | Полностью согласен","Strongly agree | Толықтай келісемін | Полностью согласен","Strongly agree | Толықтай келісемін | Полностью согласен","Искусственный интеллект ","Прокторы","Strongly agree | Толықтай келісемін | Полностью согласен","Strongly agree | Толықтай келісемін | Полностью согласен","Strongly agree | Толықтай келісемін | Полностью согласен","Strongly agree | Толықтай келісемін | Полностью согласен","Strongly agree | Толықтай келісемін | Полностью согласен","Strongly agree | Толықтай келісемін | Полностью согласен","Strongly agree | Толықтай келісемін | Полностью согласен","Strongly agree | Толықтай келісемін | Полностью согласен","Strongly agree | Толықтай келісемін | Полностью согласен","Strongly agree | Толықтай келісемін | Полностью согласен","Strongly agree | Толықтай келісемін | Полностью согласен","Strongly agree | Толықтай келісемін | Полностью согласен","Strongly agree | Толықтай келісемін | Полностью согласен","Strongly agree | Толықтай келісемін | Полностью согласен","Strongly agree | Толықтай келісемін | Полностью согласен","Ии детекторы, вопросы на которые не сможет ответить ии","Прокторство, разные детекторы по типу движений студента и т.д"
"2025/10/14 11:33:15 AM GMT+5","19","Male / Еркек / Мужчина","Computer Science | Ақпараттық технология | Информатика","Disagree | Келіспеймін | Не согласен","Disagree | Келіспеймін | Не согласен","Disagree | Келіспеймін | Не согласен","Disagree | Келіспеймін | Не согласен","Disagree | Келіспеймін | Не согласен","Disagree | Келіспеймін | Не согласен","Disagree | Келіспеймін | Не согласен","Disagree | Келіспеймін | Не согласен","Disagree | Келіспеймін | Не согласен","Disagree | Келіспеймін | Не согласен","Disagree | Келіспеймін | Не согласен","Disagree | Келіспеймін | Не согласен","Disagree | Келіспеймін | Не согласен","Disagree | Келіспеймін | Не согласен","Disagree | Келіспеймін | Не согласен","","","Disagree | Келіспеймін | Не согласен","Disagree | Келіспеймін | Не согласен","Disagree | Келіспеймін | Не согласен","Disagree | Келіспеймін | Не согласен","Disagree | Келіспеймін | Не согласен","Disagree | Келіспеймін | Не согласен","Disagree | Келіспеймін | Не согласен","Disagree | Келіспеймін | Не согласен","Disagree | Келіспеймін | Не согласен","Disagree | Келіспеймін | Не согласен","Disagree | Келіспеймін | Не согласен","Disagree | Келіспеймін | Не согласен","Disagree | Келіспеймін | Не согласен","Disagree | Келіспеймін | Не согласен","Disagree | Келіспеймін | Не согласен","",""
"2025/10/14 11:41:54 AM GMT+5","52","Male / Еркек / Мужчина"," Горнотехническое","Disagree | Келіспеймін | Не согласен","Neutral | Бейтарап | Нейтрален","Neutral | Бейтарап | Нейтрален","Strongly agree | Толықтай келісемін | Полностью согласен","Strongly agree | Толықтай келісемін | Полностью согласен","Strongly agree | Толықтай келісемін | Полностью согласен","Strongly agree | Толықтай келісемін | Полностью согласен","Strongly agree | Толықтай келісемін | Полностью согласен","Strongly agree | Толықтай келісемін | Полностью согласен","Strongly agree | Толықтай келісемін | Полностью согласен","Strongly agree | Толықтай келісемін | Полностью согласен","Strongly agree | Толықтай келісемін | Полностью согласен","Strongly agree | Толықтай келісемін | Полностью согласен","Strongly agree | Толықтай келісемін | Полностью согласен","Strongly agree | Толықтай келісемін | Полностью согласен","Человек ","Интеллект ","Disagree | Келіспеймін | Не согласен","Neutral | Бейтарап | Нейтрален","Neutral | Бейтарап | Нейтрален","Disagree | Келіспеймін | Не согласен","Strongly disagree | Мүлде келіспеймін | Совершенно не согласен","Neutral | Бейтарап | Нейтрален","Strongly disagree | Мүлде келіспеймін | Совершенно не согласен","Strongly disagree | Мүлде келіспеймін | Совершенно не согласен","Disagree | Келіспеймін | Не согласен","Strongly disagree | Мүлде келіспеймін | Совершенно не согласен","Strongly disagree | Мүлде келіспеймін | Совершенно не согласен","Disagree | Келіспеймін | Не согласен","Neutral | Бейтарап | Нейтрален","Disagree | Келіспеймін | Не согласен","Strongly agree | Толықтай келісемін | Полностью согласен","Полный контроль людьми.","Человек"
"2025/10/14 11:56:08 AM GMT+5","20","Male / Еркек / Мужчина","Computer Science | Ақпараттық технология | Информатика","Strongly disagree | Мүлде келіспеймін | Совершенно не согласен","Strongly disagree | Мүлде келіспеймін | Совершенно не согласен","Strongly disagree | Мүлде келіспеймін | Совершенно не согласен","Strongly disagree | Мүлде келіспеймін | Совершенно не согласен","Strongly disagree | Мүлде келіспеймін | Совершенно не согласен","Strongly disagree | Мүлде келіспеймін | Совершенно не согласен","Strongly disagree | Мүлде келіспеймін | Совершенно не согласен","Strongly disagree | Мүлде келіспеймін | Совершенно не согласен","Strongly disagree | Мүлде келіспеймін | Совершенно не согласен","Strongly disagree | Мүлде келіспеймін | Совершенно не согласен","Strongly disagree | Мүлде келіспеймін | Совершенно не согласен","Strongly disagree | Мүлде келіспеймін | Совершенно не согласен","Strongly disagree | Мүлде келіспеймін | Совершенно не согласен","Strongly disagree | Мүлде келіспеймін | Совершенно не согласен","Strongly disagree | Мүлде келіспеймін | Совершенно не согласен","Фильм про роботов","Не знаю ","Strongly disagree | Мүлде келіспеймін | Совершенно не согласен","Strongly disagree | Мүлде келіспеймін | Совершенно не согласен","Strongly disagree | Мүлде келіспеймін | Совершенно не согласен","Strongly disagree | Мүлде келіспеймін | Совершенно не согласен","Strongly disagree | Мүлде келіспеймін | Совершенно не согласен","Strongly disagree | Мүлде келіспеймін | Совершенно не согласен","Strongly disagree | Мүлде келіспеймін | Совершенно не согласен","Strongly disagree | Мүлде келіспеймін | Совершенно не согласен","Strongly disagree | Мүлде келіспеймін | Совершенно не согласен","Strongly disagree | Мүлде келіспеймін | Совершенно не согласен","Strongly disagree | Мүлде келіспеймін | Совершенно не согласен","Strongly disagree | Мүлде келіспеймін | Совершенно не согласен","Strongly disagree | Мүлде келіспеймін | Совершенно не согласен","Strongly disagree | Мүлде келіспеймін | Совершенно не согласен","Strongly disagree | Мүлде келіспеймін | Совершенно не согласен","Фильмы про роботов","Не знаю"
"2025/10/14 12:12:35 PM GMT+5","54","Male / Еркек / Мужчина","Engineering | Инженерия | Инженерия","Disagree | Келіспеймін | Не согласен","Disagree | Келіспеймін | Не согласен","Neutral | Бейтарап | Нейтрален","Disagree | Келіспеймін | Не согласен","Disagree | Келіспеймін | Не согласен","Disagree | Келіспеймін | Не согласен","Disagree | Келіспеймін | Не согласен","Neutral | Бейтарап | Нейтрален","Strongly disagree | Мүлде келіспеймін | Совершенно не согласен","Strongly disagree | Мүлде келіспеймін | Совершенно не согласен","Neutral | Бейтарап | Нейтрален","Neutral | Бейтарап | Нейтрален","Agree | Келісемін | Согласен","Disagree | Келіспеймін | Не согласен","Agree | Келісемін | Согласен","Открытость системы","Незнаю","Neutral | Бейтарап | Нейтрален","Neutral | Бейтарап | Нейтрален","Neutral | Бейтарап | Нейтрален","Neutral | Бейтарап | Нейтрален","Neutral | Бейтарап | Нейтрален","Neutral | Бейтарап | Нейтрален","Disagree | Келіспеймін | Не согласен","Disagree | Келіспеймін | Не согласен","Neutral | Бейтарап | Нейтрален","Disagree | Келіспеймін | Не согласен","Neutral | Бейтарап | Нейтрален","Neutral | Бейтарап | Нейтрален","Neutral | Бейтарап | Нейтрален","Neutral | Бейтарап | Нейтрален","Agree | Келісемін | Согласен","Совместная работа","Доверие между участниками"
"2025/10/14 12:21:52 PM GMT+5","34","Female / Әйел / Женщина","Computer Science | Ақпараттық технология | Информатика","Agree | Келісемін | Согласен","Agree | Келісемін | Согласен","Neutral | Бейтарап | Нейтрален","Agree | Келісемін | Согласен","Neutral | Бейтарап | Нейтрален","Neutral | Бейтарап | Нейтрален","Neutral | Бейтарап | Нейтрален","Agree | Келісемін | Согласен","Disagree | Келіспеймін | Не согласен","Neutral | Бейтарап | Нейтрален","Neutral | Бейтарап | Нейтрален","Neutral | Бейтарап | Нейтрален","Disagree | Келіспеймін | Не согласен","Neutral | Бейтарап | Нейтрален","Agree | Келісемін | Согласен","","","Neutral | Бейтарап | Нейтрален","Neutral | Бейтарап | Нейтрален","Agree | Келісемін | Согласен","Neutral | Бейтарап | Нейтрален","Neutral | Бейтарап | Нейтрален","Agree | Келісемін | Согласен","Neutral | Бейтарап | Нейтрален","Neutral | Бейтарап | Нейтрален","Agree | Келісемін | Согласен","Agree | Келісемін | Согласен","Agree | Келісемін | Согласен","Agree | Келісемін | Согласен","Agree | Келісемін | Согласен","Agree | Келісемін | Согласен","Agree | Келісемін | Согласен","",""
"2025/10/14 12:30:08 PM GMT+5","Асет","Male / Еркек / Мужчина","Engineering | Инженерия | Инженерия","Agree | Келісемін | Согласен","Agree | Келісемін | Согласен","Agree | Келісемін | Согласен","Agree | Келісемін | Согласен","Agree | Келісемін | Согласен","Agree | Келісемін | Согласен","Agree | Келісемін | Согласен","Agree | Келісемін | Согласен","Agree | Келісемін | Согласен","Agree | Келісемін | Согласен","Agree | Келісемін | Согласен","Agree | Келісемін | Согласен","Agree | Келісемін | Согласен","Agree | Келісемін | Согласен","Agree | Келісемін | Согласен","","","Strongly agree | Толықтай келісемін | Полностью согласен","Strongly agree | Толықтай келісемін | Полностью согласен","Strongly agree | Толықтай келісемін | Полностью согласен","Strongly agree | Толықтай келісемін | Полностью согласен","Strongly agree | Толықтай келісемін | Полностью согласен","Strongly agree | Толықтай келісемін | Полностью согласен","Strongly agree | Толықтай келісемін | Полностью согласен","Strongly agree | Толықтай келісемін | Полностью согласен","Strongly agree | Толықтай келісемін | Полностью согласен","Strongly agree | Толықтай келісемін | Полностью согласен","Strongly agree | Толықтай келісемін | Полностью согласен","Strongly agree | Толықтай келісемін | Полностью согласен","Strongly agree | Толықтай келісемін | Полностью согласен","Strongly agree | Толықтай келісемін | Полностью согласен","Strongly agree | Толықтай келісемін | Полностью согласен","",""
"2025/10/14 1:16:29 PM GMT+5","19","Female / Әйел / Женщина","Education | Білім | Образование","Agree | Келісемін | Согласен","Neutral | Бейтарап | Нейтрален","Neutral | Бейтарап | Нейтрален","Disagree | Келіспеймін | Не согласен","Disagree | Келіспеймін | Не согласен","Neutral | Бейтарап | Нейтрален","Neutral | Бейтарап | Нейтрален","Disagree | Келіспеймін | Не согласен","Agree | Келісемін | Согласен","Agree | Келісемін | Согласен","Agree | Келісемін | Согласен","Agree | Келісемін | Согласен","Agree | Келісемін | Согласен","Strongly agree | Толықтай келісемін | Полностью согласен","Agree | Келісемін | Согласен","Any errors i think may appear during the process that can lead to misinformation maybe","Not one person responsible but maybe the whole system could be able to give 100% ensure ","Disagree | Келіспеймін | Не согласен","Neutral | Бейтарап | Нейтрален","Agree | Келісемін | Согласен","Neutral | Бейтарап | Нейтрален","Neutral | Бейтарап | Нейтрален","Neutral | Бейтарап | Нейтрален","Neutral | Бейтарап | Нейтрален","Neutral | Бейтарап | Нейтрален","Disagree | Келіспеймін | Не согласен","Neutral | Бейтарап | Нейтрален","Agree | Келісемін | Согласен","Neutral | Бейтарап | Нейтрален","Neutral | Бейтарап | Нейтрален","Disagree | Келіспеймін | Не согласен","Neutral | Бейтарап | Нейтрален","Already answered","Already answered"
"2025/10/14 5:55:16 PM GMT+5","56","Female / Әйел / Женщина","Health | Денсаулық | Здравоохранение","Disagree | Келіспеймін | Не согласен","Disagree | Келіспеймін | Не согласен","Disagree | Келіспеймін | Не согласен","Disagree | Келіспеймін | Не согласен","Neutral | Бейтарап | Нейтрален","Neutral | Бейтарап | Нейтрален","Strongly disagree | Мүлде келіспеймін | Совершенно не согласен","Neutral | Бейтарап | Нейтрален","Neutral | Бейтарап | Нейтрален","Neutral | Бейтарап | Нейтрален","Strongly disagree | Мүлде келіспеймін | Совершенно не согласен","Strongly disagree | Мүлде келіспеймін | Совершенно не согласен","Disagree | Келіспеймін | Не согласен","Disagree | Келіспеймін | Не согласен","Agree | Келісемін | Согласен","","","Agree | Келісемін | Согласен","Agree | Келісемін | Согласен","Agree | Келісемін | Согласен","Neutral | Бейтарап | Нейтрален","Agree | Келісемін | Согласен","Agree | Келісемін | Согласен","Agree | Келісемін | Согласен","Neutral | Бейтарап | Нейтрален","Agree | Келісемін | Согласен","Agree | Келісемін | Согласен","Agree | Келісемін | Согласен","Agree | Келісемін | Согласен","Agree | Келісемін | Согласен","Agree | Келісемін | Согласен","Agree | Келісемін | Согласен","",""